Datum;Zeit;Jahreszeit;Modus;Wetter;Einstrahlung_W_m2;Leistung_kW;Tagesenergie_kWh;Gesamtenergie_kWh;Modultemperatur_C;Aussentemperatur_C;Netzspannung_V;Verschmutzung_pct;Alterung_pct;Fehler;Anlagenstatus
2026-10-06;19:21;HERBST;AUTO;NACHT;0.0;0.00;0.000;0.00;12.0;11.4;230.0;0.00;0.00;keiner;AKTIV
2026-10-06;19:36;HERBST;AUTO;NACHT;0.0;0.00;0.000;0.00;11.9;10.9;210.7;0.01;0.00;keiner;AKTIV
2026-10-06;19:53;HERBST;AUTO;NACHT;0.0;0.00;0.000;0.00;11.8;10.3;210.2;0.01;0.00;keiner;AKTIV
2026-10-06;20:10;HERBST;AUTO;NACHT;0.0;0.00;0.000;0.00;11.6;9.7;207.8;0.02;0.00;keiner;AKTIV
2026-10-06;20:27;HERBST;AUTO;NACHT;0.0;0.00;0.000;0.00;11.3;9.2;214.9;0.03;0.00;keiner;AKTIV
2026-10-06;20:43;HERBST;AUTO;NACHT;0.0;0.00;0.000;0.00;11.1;8.6;217.0;0.03;0.00;keiner;AKTIV
2026-10-06;21:00;HERBST;AUTO;NACHT;0.0;0.00;0.000;0.00;10.8;8.0;216.3;0.04;0.00;keiner;AKTIV
2026-10-06;21:16;HERBST;AUTO;NACHT;0.0;0.00;0.000;0.00;10.5;7.4;216.3;0.05;0.00;keiner;AKTIV
2026-10-06;21:33;HERBST;AUTO;NACHT;0.0;0.00;0.000;0.00;10.1;6.8;217.0;0.06;0.00;keiner;AKTIV
2026-10-06;21:50;HERBST;AUTO;NACHT;0.0;0.00;0.000;0.00;9.7;6.3;220.0;0.06;0.00;keiner;AKTIV
2026-10-06;22:07;HERBST;AUTO;NACHT;0.0;0.00;0.000;0.00;9.3;5.7;227.7;0.07;0.00;keiner;AKTIV
2026-10-06;22:24;HERBST;AUTO;NACHT;0.0;0.00;0.000;0.00;8.9;5.1;227.2;0.08;0.01;keiner;AKTIV
2026-10-06;22:41;HERBST;AUTO;NACHT;0.0;0.00;0.000;0.00;8.5;4.6;227.7;0.08;0.01;keiner;AKTIV
2026-10-06;22:58;HERBST;AUTO;NACHT;0.0;0.00;0.000;0.00;8.0;4.1;225.7;0.09;0.01;keiner;AKTIV
2026-10-06;23:15;HERBST;AUTO;NACHT;0.0;0.00;0.000;0.00;7.6;3.6;228.5;0.10;0.01;keiner;AKTIV
2026-10-06;23:31;HERBST;AUTO;NACHT;0.0;0.00;0.000;0.00;7.1;3.1;228.5;0.10;0.01;keiner;AKTIV
2026-10-06;23:48;HERBST;AUTO;NACHT;0.0;0.00;0.000;0.00;6.7;2.6;233.2;0.11;0.01;keiner;AKTIV
2026-10-07;00:00;HERBST;AUTO;NACHT;0.0;0.00;0.000;0.00;6.4;5.5;230.4;0.12;0.01;keiner;AKTIV
2026-10-07;00:16;HERBST;AUTO;NACHT;0.0;0.00;0.000;0.00;6.3;5.1;231.9;0.12;0.01;keiner;AKTIV
2026-10-07;00:33;HERBST;AUTO;NACHT;0.0;0.00;0.000;0.00;6.1;4.7;227.9;0.13;0.01;keiner;AKTIV
2026-10-07;00:50;HERBST;AUTO;NACHT;0.0;0.00;0.000;0.00;6.0;4.4;230.4;0.14;0.01;keiner;AKTIV
2026-10-07;01:07;HERBST;AUTO;NACHT;0.0;0.00;0.000;0.00;5.8;4.1;234.6;0.14;0.01;keiner;AKTIV
2026-10-07;01:24;HERBST;AUTO;NACHT;0.0;0.00;0.000;0.00;5.6;3.8;227.9;0.15;0.01;keiner;AKTIV
2026-10-07;01:41;HERBST;AUTO;NACHT;0.0;0.00;0.000;0.00;5.4;3.6;231.5;0.16;0.01;keiner;AKTIV
2026-10-07;01:58;HERBST;AUTO;NACHT;0.0;0.00;0.000;0.00;5.2;3.4;231.9;0.17;0.01;keiner;AKTIV
2026-10-07;02:15;HERBST;AUTO;NACHT;0.0;0.00;0.000;0.00;5.0;3.3;226.0;0.17;0.01;keiner;AKTIV
2026-10-07;02:31;HERBST;AUTO;NACHT;0.0;0.00;0.000;0.00;4.8;3.2;230.2;0.18;0.01;keiner;AKTIV
2026-10-07;02:48;HERBST;AUTO;NACHT;0.0;0.00;0.000;0.00;4.6;3.2;225.2;0.19;0.01;INVERTER;STOERUNG
2026-10-07;03:05;HERBST;AUTO;NACHT;0.0;0.00;0.000;0.00;4.5;3.2;230.7;0.19;0.01;INVERTER;STOERUNG
2026-10-07;03:22;HERBST;AUTO;NACHT;0.0;0.00;0.000;0.00;4.3;3.2;229.8;0.20;0.01;keiner;AKTIV
2026-10-07;03:39;HERBST;AUTO;NACHT;0.0;0.00;0.000;0.00;4.2;3.3;231.5;0.21;0.01;keiner;AKTIV
2026-10-07;03:56;HERBST;AUTO;NACHT;0.0;0.00;0.000;0.00;4.1;3.4;229.2;0.21;0.01;keiner;AKTIV
2026-10-07;04:13;HERBST;AUTO;NACHT;0.0;0.00;0.000;0.00;74.0;3.6;230.3;0.22;0.01;ÜBERHITZUNG;STOERUNG
2026-10-07;04:30;HERBST;AUTO;NACHT;0.0;0.00;0.000;0.00;72.7;3.8;230.9;0.23;0.02;ÜBERHITZUNG;STOERUNG
2026-10-07;04:47;HERBST;AUTO;NACHT;0.0;0.00;0.000;0.00;65.3;4.0;224.0;0.24;0.02;keiner;AKTIV
2026-10-07;05:04;HERBST;AUTO;NACHT;0.0;0.00;0.000;0.00;58.8;4.3;226.8;0.24;0.02;keiner;AKTIV
2026-10-07;05:21;HERBST;AUTO;NACHT;0.0;0.00;0.000;0.00;53.0;4.6;228.9;0.25;0.02;keiner;AKTIV
2026-10-07;05:38;HERBST;AUTO;NACHT;0.0;0.00;0.000;0.00;47.9;5.0;221.3;0.26;0.02;keiner;AKTIV
2026-10-07;05:55;HERBST;AUTO;NACHT;0.0;0.00;0.000;0.00;43.3;5.4;219.6;0.26;0.02;keiner;AKTIV
2026-10-07;06:11;HERBST;AUTO;NACHT;0.0;0.00;0.000;0.00;39.3;5.8;218.4;0.27;0.02;keiner;AKTIV
2026-10-07;06:28;HERBST;AUTO;NACHT;0.0;0.00;0.000;0.00;35.8;6.2;183.6;0.28;0.02;NETZSPANNUNG;STOERUNG
2026-10-07;06:45;HERBST;AUTO;BEWÖLKT;27.0;0.00;0.000;0.00;28.1;6.7;187.0;0.29;0.02;NETZSPANNUNG;STOERUNG
2026-10-07;07:02;HERBST;AUTO;BEWÖLKT;55.7;0.56;0.091;0.09;22.4;7.2;204.4;0.29;0.02;keiner;AKTIV
2026-10-07;07:19;HERBST;AUTO;BEWÖLKT;84.2;0.84;0.294;0.29;18.8;7.8;213.3;0.30;0.02;keiner;AKTIV
2026-10-07;07:36;HERBST;AUTO;BEWÖLKT;111.3;1.11;0.568;0.57;16.9;8.3;206.3;0.31;0.02;keiner;AKTIV
2026-10-07;07:52;HERBST;AUTO;BEWÖLKT;138.5;1.38;0.925;0.93;16.0;8.8;207.0;0.31;0.02;keiner;AKTIV
2026-10-07;08:09;HERBST;AUTO;BEWÖLKT;164.8;1.64;1.358;1.36;15.8;9.4;205.6;0.32;0.02;keiner;AKTIV
2026-10-07;08:26;HERBST;AUTO;BEWÖLKT;189.9;1.89;1.861;1.86;16.1;10.0;212.9;0.33;0.02;keiner;AKTIV
2026-10-07;08:43;HERBST;AUTO;BEWÖLKT;213.9;2.13;2.433;2.43;16.9;10.6;215.8;0.33;0.02;keiner;AKTIV
2026-10-07;09:00;HERBST;AUTO;BEWÖLKT;236.5;2.36;3.071;3.07;17.8;11.2;217.0;0.34;0.02;keiner;AKTIV
2026-10-07;09:17;HERBST;AUTO;BEWÖLKT;257.5;2.57;3.772;3.77;18.9;11.8;223.7;0.35;0.02;keiner;AKTIV
2026-10-07;09:34;HERBST;AUTO;BEWÖLKT;276.9;2.76;4.525;4.53;20.1;12.3;225.8;0.36;0.02;keiner;AKTIV
2026-10-07;09:51;HERBST;AUTO;BEWÖLKT;294.4;2.93;5.327;5.33;21.3;12.9;220.3;0.36;0.02;keiner;AKTIV
2026-10-07;10:07;HERBST;AUTO;BEWÖLKT;310.0;3.09;6.171;6.17;22.5;13.5;227.9;0.37;0.02;keiner;AKTIV
2026-10-07;10:24;HERBST;AUTO;BEWÖLKT;323.7;3.22;7.064;7.06;23.7;14.0;232.7;0.38;0.03;keiner;AKTIV
2026-10-07;10:41;HERBST;AUTO;GEWITTER;55.9;0.56;7.601;7.60;23.1;14.6;230.5;0.38;0.03;keiner;AKTIV
2026-10-07;10:58;HERBST;AUTO;GEWITTER;57.5;0.57;7.761;7.76;21.3;15.1;230.0;0.39;0.03;keiner;AKTIV
2026-10-07;11:15;HERBST;AUTO;GEWITTER;58.7;0.58;7.924;7.92;20.3;15.6;232.2;0.40;0.03;keiner;AKTIV
2026-10-07;11:32;HERBST;AUTO;GEWITTER;59.5;0.59;8.091;8.09;19.7;16.1;231.8;0.40;0.03;keiner;AKTIV
2026-10-07;11:49;HERBST;AUTO;GEWITTER;59.9;0.60;8.258;8.26;19.4;16.5;226.4;0.41;0.03;keiner;AKTIV
2026-10-07;12:06;HERBST;AUTO;GEWITTER;60.0;0.60;8.428;8.43;19.3;17.0;225.4;0.42;0.03;keiner;AKTIV
2026-10-07;12:23;HERBST;AUTO;GEWITTER;59.6;0.59;8.596;8.60;19.4;17.4;230.1;0.43;0.03;keiner;AKTIV
2026-10-07;12:40;HERBST;AUTO;GEWITTER;58.9;0.59;8.761;8.76;19.6;17.7;231.2;0.43;0.03;keiner;AKTIV
2026-10-07;12:56;HERBST;AUTO;GEWITTER;57.8;0.58;8.924;8.92;19.8;18.0;236.9;0.44;0.03;keiner;AKTIV
2026-10-07;13:13;HERBST;AUTO;GEWITTER;56.3;0.56;9.083;9.08;20.0;18.3;229.7;0.45;0.03;keiner;AKTIV
2026-10-07;13:30;HERBST;AUTO;GEWITTER;54.5;0.54;9.238;9.24;20.2;18.5;232.1;0.45;0.03;keiner;AKTIV
2026-10-07;13:47;HERBST;AUTO;GEWITTER;52.3;0.52;9.387;9.39;20.4;18.8;233.9;0.46;0.03;keiner;AKTIV
2026-10-07;14:04;HERBST;AUTO;GEWITTER;49.8;0.50;9.529;9.53;20.5;18.9;231.6;0.47;0.03;keiner;AKTIV
2026-10-07;14:21;HERBST;AUTO;GEWITTER;47.0;0.47;9.665;9.66;20.6;19.0;227.8;0.47;0.03;keiner;AKTIV
2026-10-07;14:38;HERBST;AUTO;GEWITTER;43.8;0.44;9.791;9.79;20.7;19.1;228.2;0.48;0.03;keiner;AKTIV
2026-10-07;14:54;HERBST;AUTO;GEWITTER;40.4;0.40;9.908;9.91;20.7;19.1;230.3;0.49;0.03;keiner;AKTIV
2026-10-07;15:11;HERBST;AUTO;GEWITTER;36.7;0.37;10.015;10.02;20.7;19.1;233.9;0.50;0.03;keiner;AKTIV
2026-10-07;15:28;HERBST;AUTO;GEWITTER;32.7;0.33;10.112;10.11;20.7;19.1;229.4;0.50;0.03;keiner;AKTIV
2026-10-07;15:45;HERBST;AUTO;GEWITTER;28.6;0.28;10.197;10.20;20.5;19.0;229.6;0.51;0.03;keiner;AKTIV
2026-10-07;16:02;HERBST;AUTO;GEWITTER;24.3;0.24;10.270;10.27;20.4;18.9;229.0;0.52;0.03;keiner;AKTIV
2026-10-07;16:19;HERBST;AUTO;GEWITTER;19.8;0.20;10.330;10.33;20.1;18.7;224.2;0.52;0.03;keiner;AKTIV
2026-10-07;16:36;HERBST;AUTO;GEWITTER;15.2;0.15;10.378;10.38;19.9;18.5;225.2;0.53;0.04;keiner;AKTIV
2026-10-07;16:52;HERBST;AUTO;GEWITTER;10.6;0.11;10.413;10.41;19.6;18.2;218.6;0.54;0.04;keiner;AKTIV
2026-10-07;17:09;HERBST;AUTO;GEWITTER;5.8;0.06;10.435;10.43;19.2;17.9;218.8;0.55;0.04;keiner;AKTIV
2026-10-07;17:26;HERBST;AUTO;GEWITTER;1.0;0.01;10.443;10.44;18.8;17.6;217.5;0.55;0.04;keiner;AKTIV
2026-10-07;17:43;HERBST;AUTO;NACHT;0.0;0.00;10.443;10.44;18.7;17.2;213.5;0.56;0.04;keiner;AKTIV
2026-10-07;18:00;HERBST;AUTO;NACHT;0.0;0.00;10.443;10.44;18.5;16.8;206.7;0.57;0.04;keiner;AKTIV
2026-10-07;18:17;HERBST;AUTO;NACHT;0.0;0.00;10.443;10.44;18.3;16.4;208.9;0.57;0.04;keiner;AKTIV
2026-10-07;18:34;HERBST;AUTO;NACHT;0.0;0.00;10.443;10.44;18.1;15.9;207.5;0.58;0.04;keiner;AKTIV
2026-10-07;18:50;HERBST;AUTO;NACHT;0.0;0.00;10.443;10.44;17.8;15.4;206.9;0.59;0.04;keiner;AKTIV
2026-10-07;19:07;HERBST;AUTO;NACHT;0.0;0.00;10.443;10.44;17.5;14.9;205.3;0.59;0.04;keiner;AKTIV
2026-10-07;19:24;HERBST;AUTO;NACHT;0.0;0.00;10.443;10.44;17.2;14.4;208.5;0.60;0.04;keiner;AKTIV
2026-10-07;19:41;HERBST;AUTO;NACHT;0.0;0.00;10.443;10.44;16.9;13.8;207.0;0.61;0.04;keiner;AKTIV
2026-10-07;19:58;HERBST;AUTO;NACHT;0.0;0.00;10.443;10.44;16.5;13.3;210.6;0.62;0.04;keiner;AKTIV
2026-10-07;20:15;HERBST;AUTO;NACHT;0.0;0.00;10.443;10.44;16.1;12.7;209.5;0.62;0.04;keiner;AKTIV
2026-10-07;20:32;HERBST;AUTO;NACHT;0.0;0.00;10.443;10.44;15.7;12.1;209.1;0.63;0.04;keiner;AKTIV
2026-10-07;20:49;HERBST;AUTO;NACHT;0.0;0.00;10.443;10.44;15.3;11.5;215.3;0.64;0.04;keiner;AKTIV
2026-10-07;21:06;HERBST;AUTO;NACHT;0.0;0.00;10.443;10.44;14.9;10.9;219.1;0.64;0.04;keiner;AKTIV
2026-10-07;21:22;HERBST;AUTO;NACHT;0.0;0.00;10.443;10.44;14.4;10.4;222.1;0.65;0.04;keiner;AKTIV
2026-10-07;21:39;HERBST;AUTO;NACHT;0.0;0.00;10.443;10.44;13.9;9.8;227.6;0.66;0.04;keiner;AKTIV
2026-10-07;21:56;HERBST;AUTO;NACHT;0.0;0.00;10.443;10.44;13.5;9.2;223.6;0.66;0.04;keiner;AKTIV
2026-10-07;22:13;HERBST;AUTO;NACHT;0.0;0.00;10.443;10.44;13.0;8.6;223.1;0.67;0.04;keiner;AKTIV
2026-10-07;22:30;HERBST;AUTO;NACHT;0.0;0.00;10.443;10.44;12.5;8.1;224.7;0.68;0.05;keiner;AKTIV
2026-10-07;22:46;HERBST;AUTO;NACHT;0.0;0.00;10.443;10.44;12.0;7.6;227.9;0.69;0.05;keiner;AKTIV
2026-10-07;23:03;HERBST;AUTO;NACHT;0.0;0.00;10.443;10.44;11.5;7.0;231.1;0.69;0.05;keiner;AKTIV
2026-10-07;23:20;HERBST;AUTO;NACHT;0.0;0.00;10.443;10.44;11.0;6.5;225.8;0.70;0.05;keiner;AKTIV
2026-10-07;23:37;HERBST;AUTO;NACHT;0.0;0.00;10.443;10.44;10.5;6.1;225.5;0.71;0.05;keiner;AKTIV
2026-10-07;23:54;HERBST;AUTO;NACHT;0.0;0.00;10.443;10.44;10.0;5.6;229.0;0.71;0.05;keiner;AKTIV
2026-10-08;00:00;HERBST;AUTO;NACHT;0.0;0.00;10.443;10.44;9.8;2.6;228.1;0.72;0.05;keiner;AKTIV
2026-10-08;00:17;HERBST;AUTO;NACHT;0.0;0.00;0.000;10.44;9.0;2.2;225.6;0.72;0.05;keiner;AKTIV
2026-10-08;00:33;HERBST;AUTO;NACHT;0.0;0.00;0.000;10.44;8.2;1.9;231.5;0.73;0.05;keiner;AKTIV
2026-10-08;00:50;HERBST;AUTO;NACHT;0.0;0.00;0.000;10.44;7.5;1.5;229.2;0.74;0.05;keiner;AKTIV
2026-10-08;01:07;HERBST;AUTO;NACHT;0.0;0.00;0.000;10.44;6.9;1.2;228.0;0.74;0.05;keiner;AKTIV
2026-10-08;01:24;HERBST;AUTO;NACHT;0.0;0.00;0.000;10.44;6.3;1.0;227.2;0.75;0.05;keiner;AKTIV
2026-10-08;01:41;HERBST;AUTO;NACHT;0.0;0.00;0.000;10.44;5.7;0.8;233.9;0.76;0.05;keiner;AKTIV
2026-10-08;01:58;HERBST;AUTO;NACHT;0.0;0.00;0.000;10.44;5.1;0.6;228.0;0.77;0.05;keiner;AKTIV
2026-10-08;02:15;HERBST;AUTO;NACHT;0.0;0.00;0.000;10.44;4.6;0.4;231.0;0.77;0.05;keiner;AKTIV
2026-10-08;02:32;HERBST;AUTO;NACHT;0.0;0.00;0.000;10.44;4.2;0.3;231.9;0.78;0.05;keiner;AKTIV
2026-10-08;02:49;HERBST;AUTO;NACHT;0.0;0.00;0.000;10.44;3.8;0.3;226.6;0.79;0.05;keiner;AKTIV
2026-10-08;03:05;HERBST;AUTO;NACHT;0.0;0.00;0.000;10.44;3.4;0.3;230.1;0.79;0.05;keiner;AKTIV
2026-10-08;03:22;HERBST;AUTO;NACHT;0.0;0.00;0.000;10.44;3.1;0.3;229.1;0.80;0.05;keiner;AKTIV
2026-10-08;03:39;HERBST;AUTO;NACHT;0.0;0.00;0.000;10.44;2.8;0.4;232.8;0.81;0.05;keiner;AKTIV
2026-10-08;03:56;HERBST;AUTO;NACHT;0.0;0.00;0.000;10.44;2.5;0.5;225.7;0.81;0.05;keiner;AKTIV
2026-10-08;04:13;HERBST;AUTO;NACHT;0.0;0.00;0.000;10.44;2.3;0.7;231.1;0.82;0.05;keiner;AKTIV
2026-10-08;04:30;HERBST;AUTO;NACHT;0.0;0.00;0.000;10.44;2.2;0.9;226.9;0.83;0.06;keiner;AKTIV
2026-10-08;04:46;HERBST;AUTO;NACHT;0.0;0.00;0.000;10.44;2.1;1.1;229.9;0.84;0.06;keiner;AKTIV
2026-10-08;05:03;HERBST;AUTO;NACHT;0.0;0.00;0.000;10.44;2.0;1.4;224.6;0.84;0.06;keiner;AKTIV
2026-10-08;05:20;HERBST;AUTO;NACHT;0.0;0.00;0.000;10.44;1.9;1.7;221.6;0.85;0.06;keiner;AKTIV
2026-10-08;05:37;HERBST;AUTO;NACHT;0.0;0.00;0.000;10.44;1.9;2.1;219.6;0.86;0.06;keiner;AKTIV
2026-10-08;05:54;HERBST;AUTO;NACHT;0.0;0.00;0.000;10.44;2.0;2.5;219.2;0.86;0.06;keiner;AKTIV
2026-10-08;06:10;HERBST;AUTO;NACHT;0.0;0.00;0.000;10.44;2.1;2.9;217.1;0.87;0.06;keiner;AKTIV
2026-10-08;06:27;HERBST;AUTO;NACHT;0.0;0.00;0.000;10.44;2.2;3.4;217.1;0.88;0.06;keiner;AKTIV
2026-10-08;06:44;HERBST;AUTO;SONNIG;41.8;0.41;0.061;10.50;2.8;3.8;215.6;0.88;0.06;keiner;AKTIV
2026-10-08;07:01;HERBST;AUTO;SONNIG;89.7;0.89;0.255;10.70;4.1;4.3;218.0;0.89;0.06;keiner;AKTIV
2026-10-08;07:18;HERBST;AUTO;SONNIG;136.9;1.36;0.581;11.02;5.6;4.9;210.0;0.90;0.06;keiner;AKTIV
2026-10-08;07:35;HERBST;AUTO;SONNIG;183.1;1.81;1.035;11.48;7.5;5.4;211.5;0.91;0.06;keiner;AKTIV
2026-10-08;07:51;HERBST;AUTO;SONNIG;227.2;2.25;1.602;12.05;9.4;5.9;211.8;0.91;0.06;keiner;AKTIV
2026-10-08;08:08;HERBST;AUTO;SONNIG;271.1;2.68;2.306;12.75;11.5;6.5;210.7;0.92;0.06;keiner;AKTIV
2026-10-08;08:25;HERBST;AUTO;SONNIG;312.9;3.10;3.125;13.57;13.6;7.1;217.2;0.93;0.06;keiner;AKTIV
2026-10-08;08:41;HERBST;AUTO;SONNIG;352.2;3.49;4.042;14.49;15.7;7.7;218.1;0.93;0.06;keiner;AKTIV
2026-10-08;08:58;HERBST;AUTO;SONNIG;390.0;3.86;5.082;15.53;17.9;8.2;225.5;0.94;0.06;keiner;AKTIV
2026-10-08;09:15;HERBST;AUTO;SONNIG;425.6;4.21;6.235;16.68;20.0;8.8;223.3;0.95;0.06;keiner;AKTIV
2026-10-08;09:32;HERBST;AUTO;SONNIG;458.0;4.53;7.469;17.91;22.1;9.4;224.7;0.95;0.06;keiner;AKTIV
2026-10-08;09:49;HERBST;AUTO;SONNIG;487.6;4.83;8.792;19.24;24.1;10.0;226.9;0.96;0.06;keiner;AKTIV
2026-10-08;10:06;HERBST;AUTO;SONNIG;514.1;5.09;10.190;20.63;26.0;10.6;228.7;0.97;0.06;keiner;AKTIV
2026-10-08;10:23;HERBST;AUTO;SONNIG;537.2;5.32;11.658;22.10;27.8;11.1;232.9;0.98;0.07;keiner;AKTIV
2026-10-08;10:39;HERBST;AUTO;SONNIG;556.9;5.51;13.187;23.63;29.5;11.7;227.2;0.98;0.07;keiner;AKTIV
2026-10-08;10:56;HERBST;AUTO;SONNIG;573.1;5.67;14.769;25.21;31.0;12.2;232.2;0.99;0.07;keiner;AKTIV
2026-10-08;11:13;HERBST;AUTO;SONNIG;585.5;5.79;16.382;26.82;32.4;12.7;231.9;1.00;0.07;keiner;AKTIV
2026-10-08;11:30;HERBST;AUTO;SONNIG;594.1;5.88;18.026;28.47;33.7;13.2;232.7;1.00;0.07;keiner;AKTIV
2026-10-08;11:47;HERBST;AUTO;SONNIG;598.9;5.92;19.684;30.13;34.7;13.6;234.4;1.01;0.07;keiner;AKTIV
2026-10-08;12:04;HERBST;AUTO;SONNIG;599.9;5.93;21.345;31.79;35.7;14.0;232.5;1.02;0.07;keiner;AKTIV
2026-10-08;12:21;HERBST;AUTO;SONNIG;597.0;5.90;23.012;33.46;36.4;14.4;235.5;1.02;0.07;keiner;AKTIV
2026-10-08;12:37;HERBST;AUTO;SONNIG;590.3;5.84;24.656;35.10;37.0;14.8;236.6;1.03;0.07;keiner;AKTIV
2026-10-08;12:54;HERBST;AUTO;SONNIG;579.7;5.73;26.290;36.73;37.4;15.1;231.7;1.04;0.07;keiner;AKTIV
2026-10-08;13:11;HERBST;AUTO;SONNIG;565.3;5.59;27.887;38.33;37.6;15.4;237.7;1.05;0.07;keiner;AKTIV
2026-10-08;13:28;HERBST;AUTO;SONNIG;547.3;5.41;29.429;39.87;37.7;15.7;236.0;1.05;0.07;keiner;AKTIV
2026-10-08;13:45;HERBST;AUTO;SONNIG;525.7;5.20;30.926;41.37;37.5;15.9;234.5;1.06;0.07;keiner;AKTIV
2026-10-08;14:02;HERBST;AUTO;SONNIG;500.9;4.95;32.345;42.79;37.2;16.0;235.7;1.07;0.07;keiner;AKTIV
2026-10-08;14:19;HERBST;AUTO;SONNIG;472.7;4.67;33.695;44.14;36.7;16.2;236.5;1.07;0.07;keiner;AKTIV
2026-10-08;14:36;HERBST;AUTO;SONNIG;441.6;4.37;34.956;45.40;36.0;16.2;234.9;1.08;0.07;keiner;AKTIV
2026-10-08;14:53;HERBST;AUTO;SONNIG;407.5;4.03;36.130;46.57;35.1;16.3;236.5;1.09;0.07;keiner;AKTIV
2026-10-08;15:10;HERBST;AUTO;SONNIG;370.6;3.66;37.213;47.66;34.1;16.3;231.2;1.10;0.07;keiner;AKTIV
2026-10-08;15:27;HERBST;AUTO;SONNIG;331.5;3.28;38.180;48.62;32.9;16.2;228.8;1.10;0.07;keiner;AKTIV
2026-10-08;15:43;HERBST;AUTO;SONNIG;290.3;2.87;39.037;49.48;31.6;16.1;232.6;1.11;0.07;keiner;AKTIV
2026-10-08;16:00;HERBST;AUTO;SONNIG;246.9;2.44;39.779;50.22;30.1;16.0;227.7;1.12;0.07;keiner;AKTIV
2026-10-08;16:17;HERBST;AUTO;SONNIG;202.3;2.00;40.392;50.83;28.5;15.8;221.7;1.12;0.07;keiner;AKTIV
2026-10-08;16:34;HERBST;AUTO;SONNIG;156.6;1.55;40.877;51.32;26.8;15.6;225.0;1.13;0.08;keiner;AKTIV
2026-10-08;16:51;HERBST;AUTO;SONNIG;109.5;1.08;41.237;51.68;24.9;15.4;218.4;1.14;0.08;keiner;AKTIV
2026-10-08;17:08;HERBST;AUTO;SONNIG;61.6;0.61;41.465;51.91;23.0;15.1;213.7;1.14;0.08;keiner;AKTIV
2026-10-08;17:25;HERBST;AUTO;SONNIG;13.4;0.13;41.558;52.00;21.0;14.7;214.6;1.15;0.08;keiner;AKTIV
2026-10-08;17:42;HERBST;AUTO;NACHT;0.0;0.00;41.561;52.00;20.1;14.4;216.9;1.16;0.08;keiner;AKTIV
2026-10-08;17:59;HERBST;AUTO;NACHT;0.0;0.00;41.561;52.00;19.4;14.0;207.6;1.17;0.08;keiner;AKTIV
2026-10-08;18:16;HERBST;AUTO;NACHT;0.0;0.00;41.561;52.00;18.8;13.5;214.7;1.17;0.08;keiner;AKTIV
2026-10-08;18:32;HERBST;AUTO;NACHT;0.0;0.00;41.561;52.00;18.2;13.1;210.3;1.18;0.08;keiner;AKTIV
2026-10-08;18:49;HERBST;AUTO;NACHT;0.0;0.00;41.561;52.00;17.7;12.6;207.4;1.19;0.08;keiner;AKTIV
2026-10-08;19:06;HERBST;AUTO;NACHT;0.0;0.00;41.561;52.00;17.1;12.1;203.1;1.19;0.08;keiner;AKTIV
2026-10-08;19:23;HERBST;AUTO;NACHT;0.0;0.00;41.561;52.00;16.5;11.6;204.5;1.20;0.08;keiner;AKTIV
2026-10-08;19:40;HERBST;AUTO;NACHT;0.0;0.00;41.561;52.00;16.0;11.0;209.7;1.21;0.08;keiner;AKTIV
2026-10-08;19:57;HERBST;AUTO;NACHT;0.0;0.00;41.561;52.00;15.4;10.5;206.1;1.21;0.08;keiner;AKTIV
2026-10-08;20:14;HERBST;AUTO;NACHT;0.0;0.00;41.561;52.00;14.8;9.9;205.3;1.22;0.08;keiner;AKTIV
2026-10-08;20:30;HERBST;AUTO;NACHT;0.0;0.00;41.561;52.00;14.3;9.3;212.3;1.23;0.08;keiner;AKTIV
2026-10-08;20:47;HERBST;AUTO;NACHT;0.0;0.00;41.561;52.00;13.7;8.7;212.2;1.24;0.08;keiner;AKTIV
2026-10-08;21:04;HERBST;AUTO;NACHT;0.0;0.00;41.561;52.00;13.1;8.1;216.3;1.24;0.08;keiner;AKTIV
2026-10-08;21:21;HERBST;AUTO;NACHT;0.0;0.00;41.561;52.00;12.6;7.5;217.7;1.25;0.08;keiner;AKTIV
2026-10-08;21:38;HERBST;AUTO;NACHT;0.0;0.00;41.561;52.00;12.0;7.0;221.0;1.26;0.08;keiner;AKTIV
2026-10-08;21:55;HERBST;AUTO;NACHT;0.0;0.00;41.561;52.00;11.4;6.4;221.8;1.26;0.08;keiner;AKTIV
2026-10-08;22:12;HERBST;AUTO;NACHT;0.0;0.00;41.561;52.00;10.8;5.8;219.1;1.27;0.08;keiner;AKTIV
2026-10-08;22:29;HERBST;AUTO;NACHT;0.0;0.00;41.561;52.00;10.3;5.2;227.2;1.28;0.09;keiner;AKTIV
2026-10-08;22:46;HERBST;AUTO;NACHT;0.0;0.00;41.561;52.00;9.7;4.7;224.3;1.29;0.09;keiner;AKTIV
2026-10-08;23:02;HERBST;AUTO;NACHT;0.0;0.00;41.561;52.00;9.2;4.2;226.2;1.29;0.09;keiner;AKTIV
2026-10-08;23:02;HERBST;AUTO;NACHT;0.0;0.00;41.561;52.00;9.2;4.2;226.2;1.29;0.09;keiner;AKTIV
